BusinessName,Registered Agent,Telephone,Email
"Rubin's Plumbing & Heating Co., Inc.",KENYA J. JONES,(313) 363-9163,joneskenya@me.com
Wayne State University Islamic Center of Detroit,Not Found,(313) 442-6308,cassmosque@gmail.com
Aey Heating & Cooling,ABDO YOUNES,(313) 581-8144,peacockroomdetroit@gmail.com
Daniel's Mechanical Heating & Cooling Refrigeration,Not Found,(734) 839-6643,danielsmechanical@hotmail.com
Ivorys A1-Heating & Cooling / Refrigeration,Not Found,(313) 778-3924,nates813@gmail.com
Detroit Jack & Tool Service,,(313) 867-2100,
C&S Plumbing & Heating,,(313) 400-9185,
Six Mile Appliances & Heating and Cooling,,(313) 506-2193,
Motor City Ventilation Inc,,(313) 843-8706,mcvent@earthlink.net
"A-Lurry Services, LLC",,(313) 312-5236,a-lurryservices@outlook.com
AAA Construction Co,,(313) 883-0900,
Plumb Pros Plumbing Heating & Air,,(734) 261-4933,
Cameron & King Pl-Ht-Air,,(313) 862-7100,
Marek Mechanical LLC,,(586) 758-0764,
R M C Service Co,,(313) 342-0808,
"Air Conditioning, Boiler, & Furnace Service Repairs",,(313) 350-2212,
K & M Heating & Cooling,,(734) 283-5485,
J.m.and sons maintenance,,(734) 299-1822,
Eastpointe Plumbing and Heating,,(586) 776-1742,
Sheldo’s Heating And Cooling,,(313) 263-7010,
J & E Royalty Heating and Cooling,,(248) 584-1060,
J&J Heating and Air Conditioning,,(586) 344-3793,
Robert Thomason Heating & Cooling,,(313) 382-0420,
Keating Heating,,(313) 331-3520,
American Ideal Heating Company,,(313) 842-2800,
Detroit Geothermal,,(313) 922-8828,
3A & K Heating Co,,(313) 255-5698,
Smittys Heating,,(313) 205-8846,
Klear View Mechanical System Inc,,(313) 863-5650,
ABC Plumbing & Heating,,(313) 967-5184,
Enterprise Mechanical,,(313) 739-6500,
Afscme Local 542,,(313) 961-9381,
GDR Home Heating & Air Conditioning Co,,(248) 595-7851,
Morgan Mechanical,,(313) 363-1194,
Detroit Heating and Cooling Co,,(248) 340-3609,
Novoa’s Services,,(678) 887-4942,
Hancock Street Plumbing and Heating,,(313) 230-2012,
Quality Mechanical Systems,,(313) 828-3933,
Jawani home services,,(313) 491-9999,
Dunrite On Time,,(517) 404-2995,
Gorilla Plumbing,,(888) 731-8964,
Blessed Hands,,(313) 778-3656,
Dexter Ave Sewer and Drain,,(313) 230-1354,
SOMS Indoor Air Quality,,(248) 924-9710,
P M Plumbing & Mechanical,,(248) 392-6304,
Abe's Sewer and Plumbing,,(313) 283-7413,
Parker's Heating and Cooling,,(313) 410-6189,
Dan Wood Plumbing & Heating Services,,(313) 841-5190,
Harold G. Plumbing and Heating,,(313) 736-4479,
Ken's Refrigeration & Air Conditioning,,(586) 519-0597,
Fire & Ice Construction,,(248) 306-9409,
Sensible Heating & Cooling,,(517) 515-8046,
Giroux Heating & Cooling,,(313) 640-0067,
Anything Mechanical,,(313) 566-4061,
Livernois Emergency Plumbing,,(313) 749-1008,
Goodman Heating and Cooling,,(313) 218-4343,
Archdale Plumbing and Heating,,(313) 736-4483,
Active Heating & Air Conditioning,,(800) 335-9993,
Kadiri Group,,(313) 478-1724,
"D & F Heating, Fireplace and Chimney",,(313) 870-7255,
K&H Heating and Cooling,,(313) 445-9182,
Attar Enterprises Heating & Cooling,,(734) 324-0054,
Monroe Street Sewer Cleaners,,(313) 230-2011,
Parklane Heating & Cooling,,(313) 581-1525,
JC's Heating & Cooling,,(586) 806-5333,
R O G Mechanical,,(313) 877-7677,
All Services Heating Cooling,,(844) 396-5351,
J Milburn Mechanical LLC,,(313) 384-7460,
R.E Squared,,(313) 953-7990,
Dion's Complete Plumbing Heating & Cooling,,(734) 800-3820,
Ches Services,,(313) 683-4010,
Extreme Metal Works,,(313) 205-9357,
Seal Mechanical,,(248) 257-8161,
R&A Mechanical Hvacr,,(313) 461-6430,
SCW Services,,(734) 693-4210,
Bulldog Mechanical,,(586) 489-8650,
Local Boys Heating & Cooling,,(734) 365-2565,
American Plumbing Heating & Cooling,,(810) 329-6000,
Deans Heating and Cooling,,(734) 968-7652,
AA Service Tech,,(313) 329-1923,
Fraser Heating and Cooling,,(586) 405-8683,
Ameripro Heating and Cooling,,(734) 276-4067,
Mike O’s Handy Pros,,(313) 465-4944,
Williams Cooling & Heating Dvsn of Wllms Rfrgrtn &,,(313) 372-5500,
E&T HVAC,,(989) 614-2377,
Quality Comfort Heating and Cooling,,(586) 222-7001,
Silver Shepherd Home Services,,(586) 360-8564,
Bob T's Jack Of All Trades,,(734) 299-0649,
Blevins And Stamm Hvac,,(586) 438-1739,
Seels,,(313) 297-4005,
Hybrid Heating & Cooling,,(313) 779-5310,
Asap Heating And Cooling,,(313) 208-1567,
Williams Heat and Cool,,(313) 402-6542,
Kirby Plumbing Heating and Cooling,,(313) 230-2274,
Smitty's Heating,,(313) 420-4328,
Community Heating and Cooling,,(313) 469-8641,
A & H Electrical Heating & Cooling,,(313) 397-9381,
Attles Plumbing Heating & Cooling,,(248) 499-3434,
Johnson Mehcanical HVAC,,(313) 452-2417,
Ruetz Heating,,(313) 216-8971,
Ecorse Plumbing Heating and Cooling,,(313) 749-0565,
Dearborn Plumbing Heating and Cooling,,(313) 749-0557,
Airwave Heating & Cooling Inc,,(313) 388-4087,
Dearborn Air Conditioning Duct and Vent Cleaning,,(313) 246-0864,
Max Dryer Vent Solutions & HVAC,,(313) 327-3489,
Wholesale Heating & Cooling Melvindale,,(313) 633-9840,
Ultimate HVAC Pros,,(800) 262-2019,
Lawndale Plumbing And Heating,,(313) 732-9198,
Morningside Plumbing Heating And Cooling3,,(313) 732-9177,
Gemini Heating & Cooling Inc,,(313) 527-9117,
Structure 1 Heating & Cooling,,(248) 660-9228,
"Shiny's Plumbing, Heating & Cooling",,(313) 515-2562,
Air Conditioning by Malestic Heating & Cooling,,(313) 835-1606,
Loyal Attic Insulation Detroit,,(855) 553-2797,
Top Team Attic Insulation Detroit,,(855) 622-7361,
Eco Choice Attic Insulation Detroit,,(877) 247-4770,
A1 Attic Insulation Company Detroit,,(855) 357-9434,
Legacy Top Attic Services Detroit,,(855) 627-3031,
Cadieux Road Plumbing & Heating,,(313) 732-9470,
Conant Street Plumbing & Heating,,(313) 230-2311,
Bernard's Plumbing & Heating,,(313) 881-4278,
Detroit Heating & Air Conditioning Company,,(248) 397-0860,
Hamtramck Heating & Cooling Emergency Response,,(313) 356-5766,
Malachi Ducts Care & HVAC,,(734) 530-3216,
Kai Dryer Vent Services,,(313) 307-4402,
Elite Attic Services Detroit,,(855) 627-1492,
Cool Temp Refrigeration,,(313) 290-2793,
Ab Heating & Cooling,,(313) 849-4279,
"A Action Heating & Cooling, Inc",,(313) 702-0397,
3rd Street Plumbing and Heating,,(313) 230-2059,
Willis Street Plumbing and Heating,,(313) 230-2288,
Plunk Heating and Cooling,,(313) 473-8747,
Detroit Heating & Air Conditioning Company,,(586) 467-0435,
J&E Heating and Cooling,,(313) 530-3062,
Centre Street Plumbing and Heating,,(313) 230-2273,
Perfection HVAC Services,,(202) 915-5168,
Lancashire HVAC Services,,(707) 877-8522,
Only I.R.S,,(202) 217-5194,
Hamtramck Heating Company,,(800) 873-6021,
J C Plumbing & Heating,,(313) 230-2042,
AW Plumbing and Heating,,(313) 230-2294,
Cass Plumbing and Heating,,(313) 230-2123,
Caniff Street Plumbing and Heating,,(313) 731-9133,
Deaborn Plumbing and Heating,,(313) 749-1384,
Division Street Plumbing and Heating,,(313) 230-2027,
Ss Plumbing And Heating,,(313) 749-1040,
"A Action Heating & Cooling, Inc.",,(313) 292-1411,
Holbrook Plumbing and Heating,,(313) 230-2286,
Hamilton Ave Plumbing and Heating,,(313) 731-9127,
Great Lakes Heating & Cooling,,(313) 831-8015,
Buchanan St Plumbing and Heating,,(313) 230-2082,
Mack Ave Plumbing and Heating,,(313) 732-9339,
Commor Plumbing and Heating,,(313) 731-1502,
East Plumbing,,(248) 678-7541,eastplumbing@gmail.com
Bronson Heating & Cooling,,(734) 662-9993,bronsonheating@aol.com
University of Michigan,,(734) 764-1817,
Plumb Pros Plumbing Heating & Air,,(734) 261-4933,
Eastpointe Plumbing and Heating,,(586) 776-1742,
Absolute Heating & Air Conditioning,,(734) 461-1112,
J.m.and sons maintenance,,(734) 299-1822,
Booth Plumbing & Heating,,(734) 663-6643,
Gates Heating & Cooling,,(248) 437-1558,
Carlton Heating,,(734) 981-0265,
Affordable Comfort Heating and Cooling,,(828) 702-9227,
Accurate Comfort Systems,,(734) 483-0731,
Thrifty Heating & Cooling,,(734) 973-9330,
CRB Heating and Cooling,,(734) 341-2841,
ACME,,(313) 343-1545,
Parker's Heating and Cooling,,(313) 410-6189,
Rite-Temp Refrigeration,,(734) 716-1810,
Dion Mechanical Solutions,,(734) 205-7623,
EZB Air,,(248) 437-4844,
Novoa’s Services,,(678) 887-4942,
Onnit Heating and Cooling,,(734) 722-5761,
Detroit Heating and Cooling Co,,(248) 340-3609,
Advanced Home Services,,(734) 604-3230,
SCW Services,,(734) 693-4210,
Walker Family Heating & Cooling,,(517) 888-3007,
Ches Services,,(313) 683-4010,
Dion's Complete Plumbing Heating & Cooling,,(734) 800-3820,
Ameripro Heating and Cooling,,(734) 276-4067,
Motown Mechanical Heating and Cooling,,(734) 833-8036,
Mike O’s Handy Pros,,(313) 465-4944,
Blevins And Stamm Hvac,,(586) 438-1739,
Home Service - HVAC,,(800) 560-2713,
Fallert Heating & Cooling,,(248) 437-9977,
Jesus Duct Care & HVAC,,(734) 530-3292,
Repair Lennox HVAC Systems,,(734) 366-1933,
Flashing Heating & Cooling Repair,,(734) 447-5214,
Flying Heating & Cooling Repair,,(810) 206-2836,
Certa HVAC Repair Company,,(517) 701-3282,
Ann Arbor Heating & Cooling,,(734) 929-0600,
Advanced Attic Solutions Ann Arbor,,(855) 217-0249,
A1 Attic Insulation Company Ann Arbor,,(855) 357-9434,
SOS Attic Cleaners Ann Arbor,,(877) 480-8176,
SOS Attic Masters Ann Arbor,,(877) 635-9154,
Attic Control Ann Arbor,,(855) 348-2267,
Loyal Attic Insulation Ann Arbor,,(855) 553-2797,
SOS Attic Insulation Services Ann Arbor,,(877) 472-9861,
Elite Attic Services Ann Arbor,,(855) 627-1492,
Legacy Top Attic Services Ann Arbor,,(855) 627-3031,
I D C Heating & Cooling,,(734) 668-4131,
Repair Carrier HVAC Systems HVAC,,(734) 316-8493,
Free Estimates Cooling,,(734) 205-9513,
Lamkin Heating,,(734) 484-3624,
Paul Robrtson Heating Saline,,(734) 429-7295,
Jamnick Plumbing & Heating Inc,,(734) 434-4023,
Saline Plumbing And Heating,,(734) 944-4700,
Will Folsom heating and cooling,,(248) 310-7768,williamfolsom47@gmail.com
Freeman Heating Air Conditioning Services,,(248) 845-1424,
"Restaurant Ventilation Specialists, Inc.",,(248) 363-3044,
Birmingham Heating & Air,,(248) 752-1725,
Environmental Recovery Refrigeration,,(248) 496-4545,
Detroit Heating and Cooling Co,,(248) 340-3609,
Hypersonic Ruud HVAC Systems,,(248) 621-4282,
Heating & Air Conditioning Company,,(734) 452-2152,
Free Estimates Cooling,,(248) 277-4803,
Brisk Heating & Cooling Repair,,(248) 221-1563,
Davis Heating & Cooling,,(248) 967-1609,
Lightninglike Heating & Cooling Repair,,(248) 301-1437,
Emergency Heating & Air Conditioning Company,,(734) 452-1962,
Productive Heating & Cooling Repair,,(947) 221-0712,
Redford HVAC Pros,,(313) 426-4621,
Apt Heating & Cooling Repair,,(947) 252-2031,
Skilled Heating & Cooling Repair,,(248) 920-8926,
Robin Aire Heating & Cooling,,(248) 541-3300,
Clear Advantage Mechanical,,(616) 520-5884,heatinggr@gmail.com
Residence Inn by Marriott Grand Rapids Downtown,,(616) 776-5905,
Cook's Plumbing Heating & Cooling,,(616) 589-4095,
Innovative Comfort & Energy Solutions,,(616) 291-0756,
Brinker Mechanical Services,,(616) 878-0229,
Total Comfort Resource,,(616) 406-3182,
Evans Tempcon,,(616) 361-2681,
Ruiter Heating & Cooling,,(231) 733-8449,
Mac's Heating & Cooling,,(616) 895-9090,
"Merkle & Company, Inc (MW36)",,(248) 766-2750,
Accurate Heating & Cooling,,(616) 885-4584,
Star Furnace Repair,,(616) 256-0590,
Grand Rapids Air Conditioning Service & Repair,,(616) 228-4216,
GLCCB REYES Coca-Cola Bottling,,(616) 458-4536,
GRR PIPE,,(616) 247-0307,
Central States Property,,(616) 456-8561,
Premier Grand Rapids AC Repair & Cleaning Services,,(616) 333-5703,
Cuello Air Conditioning & Refrigeration Service & Repair,,(621) 748-3710,
AC Hotel by Marriott Grand Rapids Downtown,,(616) 776-3200,
Michigan Heating & Cooling,,(616) 538-7260,
Stienstra Heating & Cooling,,(616) 258-2377,
Jarosch Heating & Cooling,,(616) 552-1885,
Interstate Heating & Cooling,,(616) 677-3500,
HVAC Grand Rapids,,(616) 777-5199,
Thomas Heating and Cooling,,(616) 988-2191,
Elite Indoor Comfort,,(616) 538-4818,
Complete Air Services Heating & Cooling,,(616) 878-1884,
Kyle Fischer Appliance Tech & Handyman,,(616) 886-8029,
K & K Mechanical,,(269) 447-7381,
Lakeshore Plumbing & Heating,,(231) 861-7333,
Loc Heating & Cooling,,(616) 583-0299,
Ace Appliance,,(616) 206-0639,
Ramos Heating & Cooling,,(616) 452-0020,
Cnc Appliance Repair,,(616) 389-0344,
B Ph Mechanical Services,,(616) 957-4470,
Heating Contractor Grand Rapids,,(866) 214-9326,
Comfort Masters Heating & Air Conditioning,,(616) 988-1560,
Air Technology Heating and Cooling,,(616) 238-5365,
A1 Aafordable Air Conditioning & Heating,,(616) 890-0319,
Perfectly Square Construction,,(616) 608-2752,
Kris Kobylarz Heating and Cooling,,(989) 334-5877,
Jp Quality Services,,(616) 888-5661,
K&P Mechanical,,(616) 325-4569,
Servicefirst Hvac Parts,,(616) 243-0570,
The Building Performance Team,,(616) 791-9180,
Envi Energy Experts,,(805) 765-2720,
Diamond Heating & Cooling,,(616) 459-3630,
Consumers Heating Company,,(616) 456-1157,
Falicki Heating Co.,,(616) 453-6174,
Cammenga & Karsemeyer Heating,,(616) 318-0193,
Custom Climate Solutions Inc,,(616) 301-9882,
Van Engen Heating & Cooling Llc,,(616) 698-0703,
L. W. R. Heating & Cooling Inc.,,(616) 784-4821,
C & G Services,,(616) 975-0140,
Stearns Heating & Cooling LLC,,(616) 550-5484,
1st Class Heating Cooling Mech LLC,,(616) 363-0938,
Northview Mechanical & Building,,(616) 361-1140,
Rowells Heating AC & Service,,(616) 530-9848,
Refrigeration Engineering,,(616) 735-2562,
Taurus heating HVAC Services,,(650) 360-2957,
Acme Heating & Cooling,,(616) 453-9492,
DeGraff Heating & Cooling,,(616) 451-0911,
Air Comfort Heating & Cooling L.L.C.,,(616) 235-7470,
Trost Heating & Cooling Inc,,(734) 522-6437,
Wolverine Mechanical Services,,(734) 425-5100,
Furnace Guy Heating & Cooling,,(734) 261-9190,
Btu Heating & Cooling,,(734) 462-2610,
Plumb Pros Plumbing Heating & Air,,(734) 261-4933,
Carlton Heating,,(734) 981-0265,
O Best Heating And Cooling,,(313) 728-5336,
Sheldo’s Heating And Cooling,,(313) 263-7010,
Acme Heating & Cooling Company,,(734) 464-6100,
Hobbs Mechanical Heating,,(734) 427-8659,
"SunnyWinters Heating & Cooling, Inc.",,(248) 358-5900,
Rna Heating & Cooling,,(734) 459-1954,
Advance Heating & Cooling,,(734) 722-1302,
Superior Heating & Cooling,,(313) 724-1200,
Public Heating Company,,(248) 478-7410,
Luter's Heating & Cooling,,(313) 535-0386,
Environmental Recovery Refrigeration,,(248) 496-4545,
Energy Savers Inc,,(313) 255-0060,
Mechanical air llc,,(313) 538-2819,
Morgan Mechanical,,(313) 363-1194,
Northern Comfort Heating & Cooling,,(313) 608-0652,
Shamrock Mechanical LLC,,(734) 658-9672,
Attar Enterprises Heating & Cooling,,(734) 324-0054,
K&H Heating and Cooling,,(313) 445-9182,
THE APPLIANCE GURUZ,,(810) 336-3366,
Gorilla Plumbing,,(888) 731-8964,
SOMS Indoor Air Quality,,(248) 924-9710,
South Lyon Heating & Cooling,,(248) 437-1882,
Hoover,,(734) 259-2423,
Robalee Mechanical,,(419) 975-1926,
Handy Dan Home Improvements,,(313) 929-5551,
Family Heating & Cooling,,(248) 354-5001,
Novoa’s Services,,(678) 887-4942,
Dunrite On Time,,(517) 404-2995,
Rjays Home Services,,(313) 471-4732,
EJJ Hvac Wholesale Supply,,(313) 999-3734,
Charter Air,,(734) 578-9771,
Kadiri Group,,(313) 478-1724,
Detroit Heating and Cooling Co,,(248) 340-3609,
Farmington Plumbing Heating and Cooling,,(248) 957-0509,
Jawani home services,,(313) 491-9999,
Gworks,,(248) 499-3539,
Dependable Heating Cooling,,(313) 779-7881,
Air Systems,,(734) 453-6030,
Alex Heating And Cooling,,(248) 499-2792,
West 11th Plumbing Heating and Cooling,,(248) 957-0511,
Fire & Ice Construction,,(248) 306-9409,
J Milburn Mechanical LLC,,(313) 384-7460,
"D & F Heating, Fireplace and Chimney",,(313) 870-7255,
Joiner Flooring Solutions,,(313) 720-8373,
Blessed Hands,,(313) 778-3656,
Doctor's Heating Cooling & Refrigeration,,(313) 208-1567,
Seal Mechanical,,(248) 257-8161,
R&A Mechanical Hvacr,,(313) 461-6430,
Ches Services,,(313) 683-4010,
Dion's Complete Plumbing Heating & Cooling,,(734) 800-3820,
Deans Heating and Cooling,,(734) 968-7652,
Daniel's Heating & Cooling,,(586) 772-0400,
Duquet Arthur G Heating & Cooling,,(248) 348-3770,
Swac Wholesale Heating A-C LLC,,(313) 534-2665,
Farmington Hills Heating & Cooling Pros,,(248) 579-4182,
I D C Heating & Cooling,,(313) 255-2808,
Flashing Heating & Cooling Repair,,(734) 447-5214,
Detroit Adequate Heating & Cooling Repair,,(313) 403-2792,
Lightninglike Lennox HVAC Systems,,(248) 621-4278,
Repair Lennox HVAC Systems,,(734) 366-1933,
Nrthlnd Heating & Air,,(313) 533-1927,
Tech IV Heating & Cooling,,(734) 422-1285,
Heating & Air Conditioning Company,,(734) 456-9174,
Grandell R A Heating Company Inc,,(313) 534-2070,
A Able Heating & Cooling,,(313) 561-4850,
Kevin S Heating Cooling,,(313) 533-2080,
Hotwired Electric Heating and Cooling,,(734) 427-2197,
Robindale Plumbing and Heating,,(313) 952-9078,
National Heating & Cooling,,(734) 464-3888,
Air Certified Heating Cooling & Airconditioning,,(313) 533-2230,
Heating & Air Conditioning Company,,(248) 277-4796,
Air Conditioning Specialties,,(248) 939-8504,
Heating & Cooling Contractors,,(248) 939-8503,
Cheap Heating & Air Conditioning,,(313) 766-0107,
Absolute Comfort Heating & Cooling,,(734) 513-9467,
Redford HVAC Pros,,(313) 426-4621,
A Aaco Heating & Cooling,,(248) 655-0550,
A Ross Heating & Cooling,,(313) 274-6010,
Absolute Heating Cooling and Plumbing,,(313) 977-9616,
Boiling Point Heating & Air Company,,(248) 471-2677,
Heating Contractors & Specialties,,(248) 939-8507,
Frederick Plumbing & Heating,,(248) 358-3998,
P & T Heating and Cooling,,(313) 784-8465,
Heating & Air Conditioning Company,,(248) 957-0622,
Justin Dryer Vent Professionals & HVAC,,(734) 530-3275,
Westland Plumbing Heating,,(734) 456-5313,
Plymouth Plumbing Heating and Cooling,,(734) 456-5296,
Gm Mechanical Heating COO,,(313) 682-0905,
Siglers Heating and Cooling,,(313) 406-3824,
Davis Heating & Cooling,,(248) 967-1609,
Hypersonic Ruud HVAC Systems,,(248) 621-4282,
Air Conditioning Service & Repair,,(248) 939-8502,
Air Conditioning by Malestic Heating & Cooling,,(313) 835-1606,
Kokke Heating & Cooling Inc,,(248) 557-7730,
Cheap Heating & Air Conditioning,,(734) 452-2153,
Ace Heating & Cooling,,(734) 261-9058,
Temperature Unlimited Inc,,(734) 266-2500,
Attic Insulation Expert Livonia,,(877) 293-2310,
911 Attic Insulation Livonia,,(877) 271-9599,
SOS Attic Insulation Services Livonia,,(877) 472-9861,
Legacy Top Attic Services Livonia,,(855) 627-3031,
AttiCare Cmpany Livonia,,(855) 213-6316,
TipTop Attic Insulation LLC Livonia,,(855) 359-3282,
Affordable Attic Insulation Livonia,,(877) 257-1580,
Attic Masters Insulation Services Livonia,,(877) 253-9112,
A1 Attic Insulation Company Livonia,,(855) 357-9434,
First Classic Heating & Cooling,,(248) 477-9136,
Loyal Attic Insulation Livonia,,(855) 553-2797,
Krutsch Services,,(313) 535-8397,
GMB Heating & Cooling,,(734) 367-4246,
All Furnaces Repair Service,,(586) 339-5941,preferredheating@gmail.com
Parent Heating & Cooling,,(248) 616-9980,parentheating@hotmail.com
Cameron & King Pl-Ht-Air,,(313) 862-7100,
Sheldo’s Heating And Cooling,,(313) 263-7010,
R M C Service Co,,(313) 342-0808,
Birmingham Heating & Air,,(248) 752-1725,
Hobbs Mechanical Heating,,(734) 427-8659,
A G Heating & Cooling Inc,,(248) 204-9227,
Novoa’s Services,,(678) 887-4942,
B&B Climate Control,,(586) 222-1947,
Detroit Heating and Cooling Co,,(248) 340-3609,
Seal Mechanical,,(248) 257-8161,
Sensible Heating & Cooling,,(517) 515-8046,
Dunrite On Time,,(517) 404-2995,
"D & F Heating, Fireplace and Chimney",,(313) 870-7255,
Fraser Heating and Cooling,,(586) 405-8683,
Handy Dan Home Improvements,,(313) 929-5551,
Blessed Hands,,(313) 778-3656,
Jayâs Heat and Cooling,,(586) 413-8028,
Bob Carpenter Heating Co,,(248) 644-0123,
Jay Heating & Cooling,,(313) 522-6054,
Shepherd Park Emergency Sewer and Drain,,(248) 397-0330,
5Star Infinity Heating And Cooling,,(313) 999-6229,
Parker's Heating and Cooling,,(313) 410-6189,
McCullough Icy Hot Heating &Cooling,,(313) 244-9052,
Cheap Heating & Air Conditioning,,(248) 728-0048,
Davis Heating and Cooling,,(248) 281-6963,
Air Certified Heating Cooling & Airconditioning,,(313) 533-2230,
Clawson Heating Maintenance,,(248) 237-4744,
Detroit Skilled Heating & Cooling Repair,,(313) 261-7261,
Snowden Plumbing and Heating,,(313) 915-9146,
Dashing Heating & Cooling Repair,,(248) 509-0059,
Redford HVAC Pros,,(313) 426-4621,
Matt's Heating and Cooling,,(586) 822-3799,mattsheating@att.net
Detroit Automatic Sprinkler Company,,(586) 574-0100,terrisylvester@aol.com
Parent Heating & Cooling,,(248) 616-9980,parentheating@hotmail.com
Aladdin Heating & Cooling,,(586) 775-4646,
Superior Air Heating and Cooling,,(586) 943-1093,
Reliable Energy Systems,,(586) 772-5310,
Ron's Custom Heating & Cooling,,(586) 263-1014,
Marek Mechanical LLC,,(586) 758-0764,
North Star Refrigeration Heating & Cooling,,(586) 939-0070,
Sheldo’s Heating And Cooling,,(313) 263-7010,
J&J Heating and Air Conditioning,,(586) 344-3793,
J & E Royalty Heating and Cooling,,(248) 584-1060,
B & L Heating,,(248) 288-3150,
Eastpointe Plumbing & Heating,,(586) 776-1742,
Heatmasters Heating & Cooling,,(586) 567-1976,
Heating Authority,,(586) 268-1730,
Creative Heating And Cooling Inc.,,(586) 943-1214,
Air Care HVAC,,(248) 548-7776,
Ray's Refrigeration & Air Conditioning,,(586) 755-1462,
Sise Heating & Air Conditioning,,(586) 772-6810,
Roseville Heating & Cooling,,(586) 294-7420,
City Express Mechanical Heating & Cooling,,(586) 759-2050,
March Mechanical,,(810) 560-0492,
Daniel's Heating Cooling Plumbing,,(586) 772-0400,
HVAC Investments,,(727) 228-9474,
A G Heating & Cooling Inc,,(248) 204-9227,
Maven Heating Duct & Air Conditioning,,(808) 946-4511,
Temp - 1 Heating & Cooling,,(248) 686-4757,
Roman Empire Heating and Cooling,,(586) 202-0672,
Morgan Mechanical,,(313) 363-1194,
Detroit Heating and Cooling Co,,(248) 340-3609,
Fraser Heating and Cooling,,(586) 405-8683,
Ken's Refrigeration & Air Conditioning,,(586) 519-0597,
Plt Heating & Cooling,,(313) 423-0018,
Mobil Air,,(248) 307-1938,
Kmetz Heating & Cooling,,(586) 777-1929,
Abe's Sewer and Plumbing,,(313) 283-7413,
Goodman Heating and Cooling,,(313) 218-4343,
Aero Heating & Cooling,,(586) 493-6000,
Always Pray Heating & Cooling,,(248) 556-8661,
Quality Mechanical Systems,,(313) 828-3933,
Williams Cooling & Heating Dvsn of Wllms Rfrgrtn &,,(313) 372-5500,
P M Plumbing & Mechanical,,(248) 392-6304,
National Induction Heating,,(248) 547-5700,
RoboVent,,(586) 204-6833,
Daniel's Heating & Air Conditioning,,(313) 527-5935,
EB Services,,(586) 751-7300,
Hovey HVAC,,(586) 531-1250,
Vance Avenue Emergency Sewer and Drain,,(248) 397-0319,
J Milburn Mechanical LLC,,(313) 384-7460,
Novoa’s Services,,(678) 887-4942,
"D & F Heating, Fireplace and Chimney",,(313) 870-7255,
Blessed Hands,,(313) 778-3656,
Heating Plus Cooling,,(313) 893-3400,
Seal Mechanical,,(248) 257-8161,
R&A Mechanical Hvacr,,(313) 461-6430,
C & C Heating and Air Conditioning,,(586) 371-2020,
Warren Hvac Service,,(586) 244-7066,
American pride heating and cooling,,(248) 561-3898,
C & C Heating and Air Conditioning,,(586) 218-3918,
Dion's Complete Plumbing Heating & Cooling,,(734) 800-3820,
Quality Comfort Heating and Cooling,,(586) 222-7001,
Silver Shepherd Home Services,,(586) 360-8564,
Teds Plumbing Heating,,(313) 670-5930,
Mike O’s Handy Pros,,(313) 465-4944,
Titan Heating and Cooling,,(734) 239-3820,
Williams Heat and Cool,,(313) 402-6542,
E&T HVAC,,(989) 614-2377,
B&B Climate Control,,(586) 222-1947,
Jam's Maintenance,,(586) 459-8433,
Hazel Park Plumbing and Heating,,(248) 397-0269,
Detroit Ductless Air Conditioning & Heat Pumps,,(313) 771-8807,
Hamtramck Heating & Cooling Emergency Response,,(313) 356-5766,
Madison Heights We Service Heating & Cooling Makes & Models,,(248) 301-2591,
Heating & Air Conditioning Company,,(586) 298-3738,
Detroit Able Heating & Cooling Repair,,(313) 466-7157,
Holiday Heating,,(313) 647-4468,
Vision Air Heating and Cooling,,(586) 343-8118,
Clinton Township Heating & Cooling,,(586) 649-3170,
Jet's Plumbing Heating & Cooling,,(313) 769-4176,
Detroit Casement Air Conditioning Repair,,(313) 497-4411,
Exclusive Heating,,(313) 397-2811,
Tech IV Heating & Cooling,,(586) 466-4000,
Max Dryer Vent Solutions & HVAC,,(313) 327-3489,
Quick Heating & Cooling Repair,,(586) 265-5687,
Detroit Skilled Heating & Cooling Repair,,(313) 261-7261,
Nimble Heating & Cooling Repair,,(586) 666-4784,
Davis Heating & Cooling,,(248) 967-1609,
Lakeview Heating Cooling Plumbing & Electrical,,(586) 436-3438,
Camelot Heating & Air Conditioning Heating & Air Conditioning/HVAC,,(877) 361-3008,
Fleet Carrier HVAC Systems,,(248) 509-0544,
Acme Air Conditioning & Heating,,(726) 200-1700,
Winged Heating & Cooling Repair,,(586) 666-4949,
Air Flow Heating Supply,,(586) 755-1996,
Triple A Heating Company,,(586) 755-1920,
Advanced Attic Solutions Warren,,(855) 217-0249,
A1 Attic Insulation Company Warren,,(855) 357-9434,
Repair Trane HVAC Systems,,(586) 204-8894,
"City Express Heating & Cooling, Inc.",,(248) 547-0200,
Arctic Flame Heating & Cooling,,(586) 932-3374,
Roseville Plumbing Heating and Cooling,,(586) 298-3204,
Polar Heating & Cooling,,(586) 778-5430,
Hvac Preferred Engineer System,,(248) 541-3521,
Rapid Service Refrigeration,,(586) 294-5959,
Michael Norton Heating,,(248) 445-8674,
Trane HVAC Systems Repair,,(586) 217-2572,
Top Team Attic Insulation Warren,,(855) 622-7361,
Dashing Heating & Cooling Repair,,(248) 509-0059,
Marciniak Heating & Cooling,,(586) 779-8593,
Detroit Heating & Air Conditioning Company,,(248) 729-0497,
Sj Heating Cooling,,(313) 527-5909,
Decker Boiler Company,,(586) 773-2402,
Detroit Heating & Air Conditioning Company,,(586) 467-0435,
Heating & Air Conditioning Company,,(248) 397-0289,
Warren Plumbing and Heating,,(586) 467-0475,
Detroit Heating & Air Conditioning Company,,(248) 397-0860,
Ambient Temp Heating and Cooling,,(586) 434-5075,
Maurice Heating and Cooling,,(586) 920-2863,
Fast Heating and Air Conditioning,,(248) 546-0101,
Refrigeration R W,,(586) 619-7180,
Arctic Flame Heating & Cooling,,(248) 996-0075,
Mound Road Plumbing and Heating,,(313) 731-9132,
Downriver Trusted Hvac Llc,,(734) 778-4061,
Amex Michelle Anderson,,(734) 348-7070,
Local Boys Heating & Cooling,,(734) 365-2565,
John Palmer Heating & Air Conditioning,,(734) 783-2471,
Arctic Flame HVAC Service,,(313) 285-0865,
A OK Plumbing & Heating,,(734) 459-6968,
New Hudson Plumbing,,(248) 721-3213,
Dion's Complete Plumbing Heating & Cooling,,(734) 352-9736,
Practical Plumbing,,(586) 777-4467,
Booth Plumbing & Heating,,(734) 663-6643,
Aspen Plumbing Services,,(734) 961-4976,
Michigan Power Rodding,,(734) 619-6596,
Roberts Plumbing & Heating Co,,(734) 368-3413,
Little Joe's Plumbing,,(248) 679-2098,
Home Care Improvements,,(248) 819-2877,
Greater Michigan Mechanicl Srvce Cntrctrs of Amrca,,(734) 665-5972,
SCW Services,,(734) 693-4210,
Actons Mechanical,,(810) 299-8415,
BELMONT BACKFLOW TESTING,,(248) 444-3243,
Wall To Wall Handyman Services,,(734) 888-9848,
LC Plumbing Specialties,,(734) 476-5900,
Ches Services,,(313) 683-4010,
The Drainman Company,,(248) 884-0322,
Fenton Mechanical,,(248) 494-2170,
Action Plumbing,,(517) 769-2633,
Bob T's Jack Of All Trades,,(734) 299-0649,
A.D.S. Drain Cleaning Excavating and Plumbing,,(734) 864-2174,
Mike O’s Handy Pros,,(313) 465-4944,
McClain's Plumbing,,(313) 463-9606,
Erick Mckinzie,,(313) 978-3665,
Trust Certified Plumbing,,(248) 264-7088,
County Plumbing Store,,(810) 626-7000,
Saline Plumbing And Heating,,(734) 944-4700,
King Plumbing Inc,,(248) 676-9152,
"Plumber's Company, Inc",,(650) 449-8575,
D&e Plumbing,,(734) 646-5898,
Flow Master Plumbing,,(734) 851-4501,
Fully Licensed Plumbers,,(734) 985-9004,
Michigan National Plumbing Inc,,(734) 416-9011,
Hagen Robert Plumbing & Heating,,(734) 619-0592,
Aero Plumbing,,(248) 486-8879,
A2 Plumbing,,(734) 757-7070,
Hagen Plumbing,,(734) 429-7303,
East Plumbing,,(248) 678-7541,eastplumbing@gmail.com
Dunn Rite,,(586) 329-1843,
Browns Trailers Inc,,(517) 456-4520,
Johnson's Plumbing Service,,(734) 428-5325,
Fixzit Man,,(517) 423-6461,
Sanch Home Services,,(734) 255-6995,
Michigan Power Rodding,,(734) 619-6596,
Ches Services,,(313) 683-4010,
Bob T's Jack Of All Trades,,(734) 299-0649,
SCW Services,,(734) 693-4210,
Wall To Wall Handyman Services,,(734) 888-9848,
Luper's Plumbing,,(517) 423-4362,
Erick Mckinzie,,(313) 978-3665,
Mike O’s Handy Pros,,(313) 465-4944,
Metropolitan Plumbers,,(866) 847-9688,
Cut-Rate Plumbing & Heating,,(517) 782-0471,
Charlie’s Construction & Remodeling,,(313) 433-9280,
Drain Bros Sewer Service,,(313) 335-6792,
Dixie Plumbing and Sewer Service LLC,,(313) 427-6427,jaceciavone@gmail.com
JH Plumbing Inc,,(586) 582-0249,
East Plumbing,,(248) 678-7541,eastplumbing@gmail.com
Master Sprinkler,,(248) 926-1680,info@masterservices.com
Al's Plumbing & Heating,,(313) 868-5540,
Vaughn's Plumbing,,(313) 304-7786,
Father & Son Sewer & Drain Cleaning,,(313) 841-5342,
Tamer Plumbing,,(313) 406-4775,
E & J Plumbing,,(313) 274-1140,
Georgie's Plumbing Inc,,(313) 295-4717,
ABC Plumbing & Heating,,(313) 967-5184,
Weldtech,,(313) 581-0700,
SCHAEFER PLUMBING,,(313) 478-2122,
On Time Service Plumbing,,(313) 888-7735,
Lucky’s Sewer & Drain,,(734) 925-0375,
Bradford White Water Heater Service,,(313) 584-4962,
Olvera’s,,(313) 739-5756,
Archdale Plumbing and Heating,,(313) 736-4483,
Ace Plumbing,,(313) 836-3989,
Livernois Emergency Plumbing,,(313) 749-1008,
Eddie Jones Plumbing,,(248) 469-7088,
Mike's Plumbing,,(734) 743-2064,
All A's Construction,,(313) 778-9355,
Principal Plumbing,,(313) 565-4439,
The Drainman Company,,(248) 884-0322,
Performance Plumbing & Maintenance,,(313) 388-4200,
Pipe Masters & Sewer Cleaners,,(313) 241-0368,
Ches Services,,(313) 683-4010,
Precision Home Restoration,,(754) 215-4176,
Snake Um All Plumbing & Sewers,,(313) 841-2220,
Norman's Plumbing,,(313) 486-0445,
Versatile Handz Home Improvement,,(586) 277-6627,
Matt's Sewer & Drain Cleaning,,(734) 991-3311,
Emond's Plumbing & Handyman Services,,(313) 685-6144,
Carlos Sizemore,,(513) 504-2867,
Elite All Purpose Enterprise,,(313) 469-4770,
Detroit Helpers,,(248) 747-2491,
Harold G. Plumbing and Heating,,(313) 736-4479,
Reputable Services,,(248) 308-7731,
Drain Doctor,,(313) 465-0894,
White's Drain Cleaning,,(248) 929-2958,
JL Plumbing Services,,(313) 926-7929,
Mónaco Plumbi,,(248) 800-9494,
Wyoming Street Sewer Cleaners,,(313) 915-9128,
City Sewer Cleaners,,(313) 834-9098,
Dexter Ave Sewer and Drain,,(313) 230-1354,
Anything Mechanical,,(313) 566-4061,
Yes Sir Plumbing Taylor,,(313) 229-1674,
Plumber In Detroit,,(313) 643-5286,
Gorilla Plumbing,,(888) 731-8964,
Warren Ave Plumbing,,(313) 230-2015,
Wall To Wall Handyman Services,,(734) 888-9848,
South East Michigan handyman,,(818) 818-8566,
Lenart Customs Home Improvement,,(734) 778-7960,
Novoa’s Services,,(678) 887-4942,
Dan Wood Plumbing & Heating Services,,(313) 841-5190,
Century Plumbing & Heating,,(313) 292-6601,
NGU Plumbing,,(248) 697-6079,
Contractors R US,,(313) 465-5051,
Ally Plumbing and Sewer,,(313) 778-2353,
EZ Installer,,(586) 879-3338,
Clean Out Kings Plumbing,,(248) 259-3058,
Worthy Opponents Maintenance,,(313) 957-9018,
Main Drain Service,,(586) 344-3440,
Water Pros,,(586) 459-8595,
Mason construction,,(313) 564-9125,
A-1 Sewer Cleaning,,(313) 535-6299,
B.R.S..Homeinprovements,,(313) 413-2604,
Tank’s Home Improvement,,(313) 398-9486,
Nailed It Handymen,,(313) 257-5370,
Thunder Plumbing,,(586) 765-5975,
McClain's Plumbing,,(313) 463-9606,
Mr.Drain/Upper Level Heating and Cooling,,(313) 391-2716,
Versatile Work,,(313) 480-0526,
Mouchet Contracting Services,,(313) 899-8992,
Rightaway Plumbing,,(519) 969-9270,
Lahser Road Plumbing Company,,(313) 766-0182,
Cheap Plumbing,,(248) 397-1159,
Ian D Mckenzie Plumbing & Gas Fitting,,(519) 258-1900,
Branch Plumbing Sewer Ser,,(313) 592-1144,
24 Hours Plumbing,,(313) 733-1191,
Ww Plumbing and Heating,,(313) 749-1146,
Ss Plumbing And Heating,,(313) 749-1040,
Warwick Street Plumbing and Heating,,(313) 749-1376,
Buchanan St Plumbing and Heating,,(313) 230-2082,
Honest Plumbers,,(313) 736-4406,
Fast Respond Plumbing,,(313) 749-3072,
Tireman Street Plumbing Company,,(313) 736-4558,
Residential and Commercial Plumbing,,(313) 749-3073,
Livernois Ave Plumbing,,(313) 736-4548,
Dix Street Plumbing Company,,(313) 749-1381,
Chicago Street Plumbing,,(313) 736-4554,
West Chicago Plumbing,,(313) 915-9125,
Power Process Piping Inc,,(313) 336-5450,
United Plumbing Heating & Cooling Inc.,,(313) 425-0076,
Ecorse Plumbing Heating and Cooling,,(313) 749-0565,
Icp Plumbing,,(734) 444-5586,
Gaut's Plumbing & Heating,,(313) 865-7623,
Southfield Road Plumbing,,(313) 749-1372,
Mccarthy Plumbing,,(313) 561-3779,
Elmhurst Street Plumbing,,(313) 731-1482,
Greenfield Road Sewer and Drain,,(313) 736-4547,
Rp Plumbing and Heating,,(313) 230-2312,
Lawndale Plumbing And Heating,,(313) 732-9198,
Linwood Street Plumbing,,(313) 731-1495,
McGraw Plumbing and Heating,,(313) 230-2307,
Tireman Street Plumbing And Heating,,(313) 749-1017,
Nelson Street Plumbing,,(313) 915-9202,
Yes! Plumbing Company 24 Hour Emergency Service,,(734) 680-0333,
Reasonable Rates Plumbing,,(313) 749-3229,
Robindale Plumbing and Heating,,(313) 952-9078,
AW Plumbing and Heating,,(313) 230-2294,
Principal Plumbing,,(313) 291-2420,
Wormer Plumbing,,(313) 766-0193,
A OK Plumbing & Heating,,(734) 459-6968,
New Hudson Plumbing,,(248) 721-3213,
Dion's Complete Plumbing Heating & Cooling,,(734) 352-9736,
Practical Plumbing,,(586) 777-4467,
Booth Plumbing & Heating,,(734) 663-6643,
Aspen Plumbing Services,,(734) 961-4976,
Michigan Power Rodding,,(734) 619-6596,
Roberts Plumbing & Heating Co,,(734) 368-3413,
Little Joe's Plumbing,,(248) 679-2098,
Home Care Improvements,,(248) 819-2877,
Greater Michigan Mechanicl Srvce Cntrctrs of Amrca,,(734) 665-5972,
SCW Services,,(734) 693-4210,
Actons Mechanical,,(810) 299-8415,
BELMONT BACKFLOW TESTING,,(248) 444-3243,
Wall To Wall Handyman Services,,(734) 888-9848,
LC Plumbing Specialties,,(734) 476-5900,
Ches Services,,(313) 683-4010,
The Drainman Company,,(248) 884-0322,
Fenton Mechanical,,(248) 494-2170,
Action Plumbing,,(517) 769-2633,
Bob T's Jack Of All Trades,,(734) 299-0649,
A.D.S. Drain Cleaning Excavating and Plumbing,,(734) 864-2174,
Mike O’s Handy Pros,,(313) 465-4944,
McClain's Plumbing,,(313) 463-9606,
Erick Mckinzie,,(313) 978-3665,
Trust Certified Plumbing,,(248) 264-7088,
County Plumbing Store,,(810) 626-7000,
Saline Plumbing And Heating,,(734) 944-4700,
King Plumbing Inc,,(248) 676-9152,
"Plumber's Company, Inc",,(650) 449-8575,
D&e Plumbing,,(734) 646-5898,
Flow Master Plumbing,,(734) 851-4501,
Fully Licensed Plumbers,,(734) 985-9004,
Michigan National Plumbing Inc,,(734) 416-9011,
Hagen Robert Plumbing & Heating,,(734) 619-0592,
Aero Plumbing,,(248) 486-8879,
A2 Plumbing,,(734) 757-7070,
Hagen Plumbing,,(734) 429-7303,
East Plumbing,,(248) 678-7541,eastplumbing@gmail.com
Dunn Rite,,(586) 329-1843,
Browns Trailers Inc,,(517) 456-4520,
Johnson's Plumbing Service,,(734) 428-5325,
Fixzit Man,,(517) 423-6461,
Sanch Home Services,,(734) 255-6995,
Luper's Plumbing,,(517) 423-4362,
Metropolitan Plumbers,,(866) 847-9688,
Cut-Rate Plumbing & Heating,,(517) 782-0471,
Charlie’s Construction & Remodeling,,(313) 433-9280,
Drain Bros Sewer Service,,(313) 335-6792,
Dixie Plumbing and Sewer Service LLC,,(313) 427-6427,jaceciavone@gmail.com
JH Plumbing Inc,,(586) 582-0249,
Master Sprinkler,,(248) 926-1680,info@masterservices.com
Al's Plumbing & Heating,,(313) 868-5540,
Vaughn's Plumbing,,(313) 304-7786,
Father & Son Sewer & Drain Cleaning,,(313) 841-5342,
Tamer Plumbing,,(313) 406-4775,
E & J Plumbing,,(313) 274-1140,
Georgie's Plumbing Inc,,(313) 295-4717,
ABC Plumbing & Heating,,(313) 967-5184,
Weldtech,,(313) 581-0700,
SCHAEFER PLUMBING,,(313) 478-2122,
On Time Service Plumbing,,(313) 888-7735,
Lucky’s Sewer & Drain,,(734) 925-0375,
Bradford White Water Heater Service,,(313) 584-4962,
Olvera’s,,(313) 739-5756,
Archdale Plumbing and Heating,,(313) 736-4483,
Ace Plumbing,,(313) 836-3989,
Livernois Emergency Plumbing,,(313) 749-1008,
Eddie Jones Plumbing,,(248) 469-7088,
Mike's Plumbing,,(734) 743-2064,
All A's Construction,,(313) 778-9355,
Principal Plumbing,,(313) 565-4439,
Performance Plumbing & Maintenance,,(313) 388-4200,
Pipe Masters & Sewer Cleaners,,(313) 241-0368,
Precision Home Restoration,,(754) 215-4176,
Snake Um All Plumbing & Sewers,,(313) 841-2220,
Norman's Plumbing,,(313) 486-0445,
Versatile Handz Home Improvement,,(586) 277-6627,
Matt's Sewer & Drain Cleaning,,(734) 991-3311,
Emond's Plumbing & Handyman Services,,(313) 685-6144,
Carlos Sizemore,,(513) 504-2867,
Elite All Purpose Enterprise,,(313) 469-4770,
Detroit Helpers,,(248) 747-2491,
Harold G. Plumbing and Heating,,(313) 736-4479,
Reputable Services,,(248) 308-7731,
Drain Doctor,,(313) 465-0894,
White's Drain Cleaning,,(248) 929-2958,
JL Plumbing Services,,(313) 926-7929,
Mónaco Plumbi,,(248) 800-9494,
Wyoming Street Sewer Cleaners,,(313) 915-9128,
City Sewer Cleaners,,(313) 834-9098,
Dexter Ave Sewer and Drain,,(313) 230-1354,
Anything Mechanical,,(313) 566-4061,
Yes Sir Plumbing Taylor,,(313) 229-1674,
Plumber In Detroit,,(313) 643-5286,
Gorilla Plumbing,,(888) 731-8964,
Warren Ave Plumbing,,(313) 230-2015,
South East Michigan handyman,,(818) 818-8566,
Lenart Customs Home Improvement,,(734) 778-7960,
Novoa’s Services,,(678) 887-4942,
Dan Wood Plumbing & Heating Services,,(313) 841-5190,
Century Plumbing & Heating,,(313) 292-6601,
NGU Plumbing,,(248) 697-6079,
Contractors R US,,(313) 465-5051,
Ally Plumbing and Sewer,,(313) 778-2353,
EZ Installer,,(586) 879-3338,
Clean Out Kings Plumbing,,(248) 259-3058,
Worthy Opponents Maintenance,,(313) 957-9018,
Main Drain Service,,(586) 344-3440,
Water Pros,,(586) 459-8595,
Mason construction,,(313) 564-9125,
A-1 Sewer Cleaning,,(313) 535-6299,
B.R.S..Homeinprovements,,(313) 413-2604,
Tank’s Home Improvement,,(313) 398-9486,
Nailed It Handymen,,(313) 257-5370,
Thunder Plumbing,,(586) 765-5975,
Mr.Drain/Upper Level Heating and Cooling,,(313) 391-2716,
Versatile Work,,(313) 480-0526,
Mouchet Contracting Services,,(313) 899-8992,
Rightaway Plumbing,,(519) 969-9270,
Lahser Road Plumbing Company,,(313) 766-0182,
Cheap Plumbing,,(248) 397-1159,
Ian D Mckenzie Plumbing & Gas Fitting,,(519) 258-1900,
Branch Plumbing Sewer Ser,,(313) 592-1144,
24 Hours Plumbing,,(313) 733-1191,
Ww Plumbing and Heating,,(313) 749-1146,
Ss Plumbing And Heating,,(313) 749-1040,
Warwick Street Plumbing and Heating,,(313) 749-1376,
Buchanan St Plumbing and Heating,,(313) 230-2082,
Honest Plumbers,,(313) 736-4406,
Fast Respond Plumbing,,(313) 749-3072,
Tireman Street Plumbing Company,,(313) 736-4558,
Residential and Commercial Plumbing,,(313) 749-3073,
Livernois Ave Plumbing,,(313) 736-4548,
Dix Street Plumbing Company,,(313) 749-1381,
Chicago Street Plumbing,,(313) 736-4554,
West Chicago Plumbing,,(313) 915-9125,
Power Process Piping Inc,,(313) 336-5450,
United Plumbing Heating & Cooling Inc.,,(313) 425-0076,
Ecorse Plumbing Heating and Cooling,,(313) 749-0565,
Icp Plumbing,,(734) 444-5586,
Gaut's Plumbing & Heating,,(313) 865-7623,
Southfield Road Plumbing,,(313) 749-1372,
Mccarthy Plumbing,,(313) 561-3779,
Elmhurst Street Plumbing,,(313) 731-1482,
Greenfield Road Sewer and Drain,,(313) 736-4547,
Rp Plumbing and Heating,,(313) 230-2312,
Lawndale Plumbing And Heating,,(313) 732-9198,
Linwood Street Plumbing,,(313) 731-1495,
McGraw Plumbing and Heating,,(313) 230-2307,
Tireman Street Plumbing And Heating,,(313) 749-1017,
Nelson Street Plumbing,,(313) 915-9202,
Yes! Plumbing Company 24 Hour Emergency Service,,(734) 680-0333,
Reasonable Rates Plumbing,,(313) 749-3229,
Robindale Plumbing and Heating,,(313) 952-9078,
AW Plumbing and Heating,,(313) 230-2294,
Principal Plumbing,,(313) 291-2420,
Wormer Plumbing,,(313) 766-0193,
